ID,TIME,DV,OBSNUM,CMT,EVID,AMT,RATE,ADDL,II
25,0,.,0,1,1,1000,1000,1,12
25,2,18.28507225867,1,1,0,.,.,.,.
25,6,21.5479842655933,2,1,0,.,.,.,.
25,11,17.3101168246345,3,1,0,.,.,.,.
25,14,36.0379529650203,4,1,0,.,.,.,.
25,18,20.7869148691593,5,1,0,.,.,.,.
25,23,19.8815697796565,6,1,0,.,.,.,.
