ID,TIME,DV,OBSNUM,CMT,EVID,AMT,RATE,ADDL,II
21,0,.,0,1,1,1000,1000,1,12
21,2,19.2031932370269,1,1,0,.,.,.,.
21,6,16.5918699990374,2,1,0,.,.,.,.
21,11,10.9751075843375,3,1,0,.,.,.,.
21,14,31.8237591973451,4,1,0,.,.,.,.
21,18,16.705787779335,5,1,0,.,.,.,.
21,23,18.6676859695655,6,1,0,.,.,.,.
