ID,TIME,DV,OBSNUM,CMT,EVID,AMT,RATE,ADDL,II
19,0,.,0,1,1,1000,1000,1,12
19,2,23.0810696658813,1,1,0,.,.,.,.
19,6,19.7813238087751,2,1,0,.,.,.,.
19,11,12.6723400834042,3,1,0,.,.,.,.
19,14,35.658300374616,4,1,0,.,.,.,.
19,18,28.1570494844211,5,1,0,.,.,.,.
19,23,16.6035700255331,6,1,0,.,.,.,.
