ID,TIME,DV,OBSNUM,CMT,EVID,AMT,RATE,ADDL,II
24,0,.,0,1,1,1000,1000,1,12
24,2,32.6074644939231,1,1,0,.,.,.,.
24,6,25.1348423076034,2,1,0,.,.,.,.
24,11,16.7980849338416,3,1,0,.,.,.,.
24,14,46.4365771776941,4,1,0,.,.,.,.
24,18,32.5400578835513,5,1,0,.,.,.,.
24,23,19.1178249543408,6,1,0,.,.,.,.
