ID,TIME,DV,OBSNUM,CMT,EVID,AMT,RATE,ADDL,II
38,0,.,0,1,1,1000,1000,1,12
38,2,22.2932444525681,1,1,0,.,.,.,.
38,6,21.4917456378318,2,1,0,.,.,.,.
38,11,9.49877838293004,3,1,0,.,.,.,.
38,14,29.5127113088476,4,1,0,.,.,.,.
38,18,27.1380398424225,5,1,0,.,.,.,.
38,23,22.0464063086545,6,1,0,.,.,.,.
