ID,TIME,DV,OBSNUM,CMT,EVID,AMT,RATE,ADDL,II
54,0,.,0,1,1,1000,1000,1,12
54,2,25.5329772042289,1,1,0,.,.,.,.
54,6,14.5781858635815,2,1,0,.,.,.,.
54,11,8.79733190719638,3,1,0,.,.,.,.
54,14,29.0539345804171,4,1,0,.,.,.,.
54,18,17.1048921229127,5,1,0,.,.,.,.
54,23,13.0541805913469,6,1,0,.,.,.,.
