ID,TIME,DV,OBSNUM,CMT,EVID,AMT,RATE,ADDL,II
20,0,.,0,1,1,1000,1000,1,12
20,2,14.0078890706346,1,1,0,.,.,.,.
20,6,17.9625859420016,2,1,0,.,.,.,.
20,11,12.6245639628874,3,1,0,.,.,.,.
20,14,27.1367862464512,4,1,0,.,.,.,.
20,18,24.0107893109667,5,1,0,.,.,.,.
20,23,11.96479316503,6,1,0,.,.,.,.
