ID,TIME,DV,OBSNUM,CMT,EVID,AMT,RATE,ADDL,II
56,0,.,0,1,1,1000,1000,1,12
56,2,39.3056417103274,1,1,0,.,.,.,.
56,6,22.2259465476025,2,1,0,.,.,.,.
56,11,8.47342545461395,3,1,0,.,.,.,.
56,14,33.8992416494812,4,1,0,.,.,.,.
56,18,26.0933053218393,5,1,0,.,.,.,.
56,23,13.2060591515982,6,1,0,.,.,.,.
