ID,TIME,DV,OBSNUM,CMT,EVID,AMT,RATE,ADDL,II
2,0,.,0,1,1,1000,1000,1,12
2,2,26.074221901466,1,1,0,.,.,.,.
2,6,28.3118142135278,2,1,0,.,.,.,.
2,11,14.1321056611445,3,1,0,.,.,.,.
2,14,46.5360733661783,4,1,0,.,.,.,.
2,18,34.4475907457989,5,1,0,.,.,.,.
2,23,20.0772978425242,6,1,0,.,.,.,.
