ID,TIME,DV,OBSNUM,CMT,EVID,AMT,RATE,ADDL,II
28,0,.,0,1,1,1000,1000,1,12
28,2,29.8088924961098,1,1,0,.,.,.,.
28,6,20.7949487336607,2,1,0,.,.,.,.
28,11,9.79005828305936,3,1,0,.,.,.,.
28,14,43.3175592032995,4,1,0,.,.,.,.
28,18,25.0100023979834,5,1,0,.,.,.,.
28,23,13.6028149346654,6,1,0,.,.,.,.
