ID,TIME,DV,OBSNUM,CMT,EVID,AMT,RATE,ADDL,II
45,0,.,0,1,1,1000,1000,1,12
45,2,32.5556228218627,1,1,0,.,.,.,.
45,6,18.3595564959884,2,1,0,.,.,.,.
45,11,16.0915684518729,3,1,0,.,.,.,.
45,14,43.2721551870158,4,1,0,.,.,.,.
45,18,33.6559342061765,5,1,0,.,.,.,.
45,23,14.2223046928993,6,1,0,.,.,.,.
