ID,TIME,DV,OBSNUM,CMT,EVID,AMT,RATE,ADDL,II
4,0,.,0,1,1,1000,1000,1,12
4,2,19.9864959949382,1,1,0,.,.,.,.
4,6,14.5165889529856,2,1,0,.,.,.,.
4,11,9.34783271171635,3,1,0,.,.,.,.
4,14,56.8635107436905,4,1,0,.,.,.,.
4,18,20.3127065402355,5,1,0,.,.,.,.
4,23,15.8440524945275,6,1,0,.,.,.,.
