ID,TIME,DV,OBSNUM,CMT,EVID,AMT,RATE,ADDL,II
47,0,.,0,1,1,1000,1000,1,12
47,2,25.0027505397725,1,1,0,.,.,.,.
47,6,16.1522662461054,2,1,0,.,.,.,.
47,11,10.1881745209086,3,1,0,.,.,.,.
47,14,27.3538397972398,4,1,0,.,.,.,.
47,18,22.0737121844184,5,1,0,.,.,.,.
47,23,14.0224506856262,6,1,0,.,.,.,.
