ID,TIME,DV,OBSNUM,CMT,EVID,AMT,RATE,ADDL,II
13,0,.,0,1,1,1000,1000,1,12
13,2,23.3418899756841,1,1,0,.,.,.,.
13,6,10.4873259007835,2,1,0,.,.,.,.
13,11,5.13662674472275,3,1,0,.,.,.,.
13,14,26.3094109183639,4,1,0,.,.,.,.
13,18,10.9964392287818,5,1,0,.,.,.,.
13,23,7.25105533078784,6,1,0,.,.,.,.
