ID,TIME,DV,OBSNUM,CMT,EVID,AMT,RATE,ADDL,II
31,0,.,0,1,1,1000,1000,1,12
31,2,13.3117890508576,1,1,0,.,.,.,.
31,6,16.3458269378106,2,1,0,.,.,.,.
31,11,9.78998740077645,3,1,0,.,.,.,.
31,14,31.8952050378392,4,1,0,.,.,.,.
31,18,20.1561328326068,5,1,0,.,.,.,.
31,23,13.7906996142947,6,1,0,.,.,.,.
