ID,TIME,DV,OBSNUM,CMT,EVID,AMT,RATE,ADDL,II
50,0,.,0,1,1,1000,1000,1,12
50,2,30.3552938371631,1,1,0,.,.,.,.
50,6,19.345302161185,2,1,0,.,.,.,.
50,11,19.6981285937326,3,1,0,.,.,.,.
50,14,42.5226006469102,4,1,0,.,.,.,.
50,18,33.6411739731705,5,1,0,.,.,.,.
50,23,17.1309926992521,6,1,0,.,.,.,.
