ID,TIME,DV,OBSNUM,CMT,EVID,AMT,RATE,ADDL,II
43,0,.,0,1,1,1000,1000,1,12
43,2,34.4752671873229,1,1,0,.,.,.,.
43,6,15.5854166051476,2,1,0,.,.,.,.
43,11,8.33701399181245,3,1,0,.,.,.,.
43,14,43.2469195272883,4,1,0,.,.,.,.
43,18,16.893645055545,5,1,0,.,.,.,.
43,23,13.8383122102029,6,1,0,.,.,.,.
