ID,TIME,DV,OBSNUM,CMT,EVID,AMT,RATE,ADDL,II
27,0,.,0,1,1,1000,1000,1,12
27,2,32.5574564578529,1,1,0,.,.,.,.
27,6,24.612685900154,2,1,0,.,.,.,.
27,11,14.4514273673467,3,1,0,.,.,.,.
27,14,39.0207588536242,4,1,0,.,.,.,.
27,18,15.282803420415,5,1,0,.,.,.,.
27,23,16.2141218213785,6,1,0,.,.,.,.
