ID,TIME,DV,OBSNUM,CMT,EVID,AMT,RATE,ADDL,II
18,0,.,0,1,1,1000,1000,1,12
18,2,32.7557011443668,1,1,0,.,.,.,.
18,6,21.8933446900549,2,1,0,.,.,.,.
18,11,8.53020851098849,3,1,0,.,.,.,.
18,14,22.3781635563217,4,1,0,.,.,.,.
18,18,27.383297027353,5,1,0,.,.,.,.
18,23,24.5875976181461,6,1,0,.,.,.,.
