ID,TIME,DV,OBSNUM,CMT,EVID,AMT,RATE,ADDL,II
23,0,.,0,1,1,1000,1000,1,12
23,2,26.0255662508525,1,1,0,.,.,.,.
23,6,24.5718978815145,2,1,0,.,.,.,.
23,11,10.0909549745582,3,1,0,.,.,.,.
23,14,28.9764138001566,4,1,0,.,.,.,.
23,18,22.3205699238568,5,1,0,.,.,.,.
23,23,17.9611108460225,6,1,0,.,.,.,.
