ID,TIME,DV,OBSNUM,CMT,EVID,AMT,RATE,ADDL,II
48,0,.,0,1,1,1000,1000,1,12
48,2,25.3778177439671,1,1,0,.,.,.,.
48,6,18.0437813356076,2,1,0,.,.,.,.
48,11,10.7314046631382,3,1,0,.,.,.,.
48,14,29.8317253698191,4,1,0,.,.,.,.
48,18,23.0709750182093,5,1,0,.,.,.,.
48,23,12.5806476440304,6,1,0,.,.,.,.
