ID,TIME,DV,OBSNUM,CMT,EVID,AMT,RATE,ADDL,II
42,0,.,0,1,1,1000,1000,1,12
42,2,30.7363964524296,1,1,0,.,.,.,.
42,6,16.1741484640362,2,1,0,.,.,.,.
42,11,6.17973382059024,3,1,0,.,.,.,.
42,14,23.2136472820182,4,1,0,.,.,.,.
42,18,26.8455942895878,5,1,0,.,.,.,.
42,23,8.84260356535198,6,1,0,.,.,.,.
