ID,TIME,DV,OBSNUM,CMT,EVID,AMT,RATE,ADDL,II
36,0,.,0,1,1,1000,1000,1,12
36,2,22.0857928952692,1,1,0,.,.,.,.
36,6,14.5725612688847,2,1,0,.,.,.,.
36,11,9.27510057904701,3,1,0,.,.,.,.
36,14,24.4194115243354,4,1,0,.,.,.,.
36,18,19.7824123672448,5,1,0,.,.,.,.
36,23,10.8957097145121,6,1,0,.,.,.,.
