ID,TIME,DV,OBSNUM,CMT,EVID,AMT,RATE,ADDL,II
16,0,.,0,1,1,1000,1000,1,12
16,2,43.8276456479712,1,1,0,.,.,.,.
16,6,28.334652769208,2,1,0,.,.,.,.
16,11,14.7349387911581,3,1,0,.,.,.,.
16,14,36.5747031614708,4,1,0,.,.,.,.
16,18,31.7791054967477,5,1,0,.,.,.,.
16,23,23.5337863284794,6,1,0,.,.,.,.
