ID,TIME,DV,OBSNUM,CMT,EVID,AMT,RATE,ADDL,II
39,0,.,0,1,1,1000,1000,1,12
39,2,26.8314643973111,1,1,0,.,.,.,.
39,6,13.2022870513991,2,1,0,.,.,.,.
39,11,10.0661863158126,3,1,0,.,.,.,.
39,14,25.7690558770931,4,1,0,.,.,.,.
39,18,19.7427796870548,5,1,0,.,.,.,.
39,23,14.7050575562975,6,1,0,.,.,.,.
