ID,TIME,DV,OBSNUM,CMT,EVID,AMT,RATE,ADDL,II
44,0,.,0,1,1,1000,1000,1,12
44,2,25.4810952090431,1,1,0,.,.,.,.
44,6,15.9193209993539,2,1,0,.,.,.,.
44,11,11.984695733502,3,1,0,.,.,.,.
44,14,24.1641269394084,4,1,0,.,.,.,.
44,18,18.8729831914329,5,1,0,.,.,.,.
44,23,12.5490061677654,6,1,0,.,.,.,.
