ID,TIME,DV,OBSNUM,CMT,EVID,AMT,RATE,ADDL,II
10,0,.,0,1,1,1000,1000,1,12
10,2,20.7178939791001,1,1,0,.,.,.,.
10,6,10.8219045569635,2,1,0,.,.,.,.
10,11,9.39802527860632,3,1,0,.,.,.,.
10,14,25.9776614693219,4,1,0,.,.,.,.
10,18,17.0865958566451,5,1,0,.,.,.,.
10,23,11.8237096727824,6,1,0,.,.,.,.
