ID,TIME,DV,OBSNUM,CMT,EVID,AMT,RATE,ADDL,II
30,0,.,0,1,1,1000,1000,1,12
30,2,38.1102941775286,1,1,0,.,.,.,.
30,6,20.5737960011846,2,1,0,.,.,.,.
30,11,8.4911676482244,3,1,0,.,.,.,.
30,14,42.5880091341429,4,1,0,.,.,.,.
30,18,21.2908372743883,5,1,0,.,.,.,.
30,23,18.8423976193226,6,1,0,.,.,.,.
