ID,TIME,DV,OBSNUM,CMT,EVID,AMT,RATE,ADDL,II
15,0,.,0,1,1,1000,1000,1,12
15,2,25.2093901821217,1,1,0,.,.,.,.
15,6,15.626532498481,2,1,0,.,.,.,.
15,11,11.9477434805362,3,1,0,.,.,.,.
15,14,23.3910535250032,4,1,0,.,.,.,.
15,18,33.7747767160418,5,1,0,.,.,.,.
15,23,19.3642954191723,6,1,0,.,.,.,.
