ID,TIME,DV,OBSNUM,CMT,EVID,AMT,RATE,ADDL,II
14,0,.,0,1,1,1000,1000,1,12
14,2,20.0904846907147,1,1,0,.,.,.,.
14,6,19.1931758110999,2,1,0,.,.,.,.
14,11,5.76193565003489,3,1,0,.,.,.,.
14,14,22.8821693357734,4,1,0,.,.,.,.
14,18,16.4921997607996,5,1,0,.,.,.,.
14,23,9.94012715365383,6,1,0,.,.,.,.
