ID,TIME,DV,OBSNUM,CMT,EVID,AMT,RATE,ADDL,II
12,0,.,0,1,1,1000,1000,1,12
12,2,21.677573135837,1,1,0,.,.,.,.
12,6,12.0874671218057,2,1,0,.,.,.,.
12,11,16.2059443775783,3,1,0,.,.,.,.
12,14,54.6045084146018,4,1,0,.,.,.,.
12,18,36.646195431105,5,1,0,.,.,.,.
12,23,29.3531318083842,6,1,0,.,.,.,.
