ID,TIME,DV,OBSNUM,CMT,EVID,AMT,RATE,ADDL,II
1,0,.,0,1,1,1000,1000,1,12
1,2,28.0267010485034,1,1,0,.,.,.,.
1,6,19.6713007091659,2,1,0,.,.,.,.
1,11,14.8820462910533,3,1,0,.,.,.,.
1,14,43.0535774559736,4,1,0,.,.,.,.
1,18,20.7351199804007,5,1,0,.,.,.,.
1,23,10.2873885176646,6,1,0,.,.,.,.
