ID,TIME,DV,OBSNUM,CMT,EVID,AMT,RATE,ADDL,II
3,0,.,0,1,1,1000,1000,1,12
3,2,15.486348828692,1,1,0,.,.,.,.
3,6,12.0748305150084,2,1,0,.,.,.,.
3,11,4.64092878005334,3,1,0,.,.,.,.
3,14,26.7607638204329,4,1,0,.,.,.,.
3,18,11.5148390065262,5,1,0,.,.,.,.
3,23,7.2734228485893,6,1,0,.,.,.,.
