ID,TIME,DV,OBSNUM,CMT,EVID,AMT,RATE,ADDL,II
5,0,.,0,1,1,1000,1000,1,12
5,2,22.9248480243004,1,1,0,.,.,.,.
5,6,15.2830549540719,2,1,0,.,.,.,.
5,11,8.95473759595536,3,1,0,.,.,.,.
5,14,23.9681244931165,4,1,0,.,.,.,.
5,18,20.8648340399351,5,1,0,.,.,.,.
5,23,11.3653766511076,6,1,0,.,.,.,.
