ID,TIME,DV,OBSNUM,CMT,EVID,AMT,RATE,ADDL,II
22,0,.,0,1,1,1000,1000,1,12
22,2,20.9409525402219,1,1,0,.,.,.,.
22,6,7.96916869479709,2,1,0,.,.,.,.
22,11,7.09978459901232,3,1,0,.,.,.,.
22,14,24.1808908794731,4,1,0,.,.,.,.
22,18,17.7579993628785,5,1,0,.,.,.,.
22,23,8.17855787774446,6,1,0,.,.,.,.
