ID,TIME,DV,OBSNUM,CMT,EVID,AMT,RATE,ADDL,II
40,0,.,0,1,1,1000,1000,1,12
40,2,18.2461951349075,1,1,0,.,.,.,.
40,6,20.7144719697391,2,1,0,.,.,.,.
40,11,10.4923588057688,3,1,0,.,.,.,.
40,14,37.9979533344959,4,1,0,.,.,.,.
40,18,21.9015576156644,5,1,0,.,.,.,.
40,23,19.8754205704119,6,1,0,.,.,.,.
