ID,TIME,DV,OBSNUM,CMT,EVID,AMT,RATE,ADDL,II
55,0,.,0,1,1,1000,1000,1,12
55,2,18.5875827494654,1,1,0,.,.,.,.
55,6,14.1071934454468,2,1,0,.,.,.,.
55,11,7.38720536526103,3,1,0,.,.,.,.
55,14,26.2045655567577,4,1,0,.,.,.,.
55,18,19.5353283912201,5,1,0,.,.,.,.
55,23,8.96290184202481,6,1,0,.,.,.,.
