ID,TIME,DV,OBSNUM,CMT,EVID,AMT,RATE,ADDL,II
49,0,.,0,1,1,1000,1000,1,12
49,2,35.0186422045245,1,1,0,.,.,.,.
49,6,16.137933895177,2,1,0,.,.,.,.
49,11,7.37633488401581,3,1,0,.,.,.,.
49,14,26.3002466311976,4,1,0,.,.,.,.
49,18,11.1520168197634,5,1,0,.,.,.,.
49,23,7.39017239304765,6,1,0,.,.,.,.
