ID,TIME,DV,OBSNUM,CMT,EVID,AMT,RATE,ADDL,II
51,0,.,0,1,1,1000,1000,1,12
51,2,22.9602701599976,1,1,0,.,.,.,.
51,6,15.9976683237816,2,1,0,.,.,.,.
51,11,10.4655229944502,3,1,0,.,.,.,.
51,14,50.0769747109621,4,1,0,.,.,.,.
51,18,30.2988443744009,5,1,0,.,.,.,.
51,23,24.3833346589297,6,1,0,.,.,.,.
