ID,TIME,DV,OBSNUM,CMT,EVID,AMT,RATE,ADDL,II
11,0,.,0,1,1,1000,1000,1,12
11,2,21.2299521515814,1,1,0,.,.,.,.
11,6,14.8945874936448,2,1,0,.,.,.,.
11,11,4.72582462138702,3,1,0,.,.,.,.
11,14,12.3987261761287,4,1,0,.,.,.,.
11,18,11.5155379109313,5,1,0,.,.,.,.
11,23,6.21540566631726,6,1,0,.,.,.,.
