ID,TIME,DV,OBSNUM,CMT,EVID,AMT,RATE,ADDL,II
33,0,.,0,1,1,1000,1000,1,12
33,2,17.7626057044334,1,1,0,.,.,.,.
33,6,13.8059992375325,2,1,0,.,.,.,.
33,11,7.33528660408224,3,1,0,.,.,.,.
33,14,20.1614877088041,4,1,0,.,.,.,.
33,18,16.1882162895939,5,1,0,.,.,.,.
33,23,11.9703790606363,6,1,0,.,.,.,.
