ID,TIME,DV,OBSNUM,CMT,EVID,AMT,RATE,ADDL,II
41,0,.,0,1,1,1000,1000,1,12
41,2,27.3633015322891,1,1,0,.,.,.,.
41,6,20.8401205101589,2,1,0,.,.,.,.
41,11,6.69499301802601,3,1,0,.,.,.,.
41,14,43.0792155940577,4,1,0,.,.,.,.
41,18,17.7339822852168,5,1,0,.,.,.,.
41,23,14.4047373361915,6,1,0,.,.,.,.
