ID,TIME,DV,OBSNUM,CMT,EVID,AMT,RATE,ADDL,II
34,0,.,0,1,1,1000,1000,1,12
34,2,29.6732463167865,1,1,0,.,.,.,.
34,6,22.7335418778072,2,1,0,.,.,.,.
34,11,18.0486717138515,3,1,0,.,.,.,.
34,14,44.0119894289977,4,1,0,.,.,.,.
34,18,22.0562248667994,5,1,0,.,.,.,.
34,23,14.9059298801826,6,1,0,.,.,.,.
