ID,TIME,DV,OBSNUM,CMT,EVID,AMT,RATE,ADDL,II
8,0,.,0,1,1,1000,1000,1,12
8,2,19.1773539253332,1,1,0,.,.,.,.
8,6,12.2855173830377,2,1,0,.,.,.,.
8,11,10.2846258112094,3,1,0,.,.,.,.
8,14,24.3346793271078,4,1,0,.,.,.,.
8,18,19.8723155854365,5,1,0,.,.,.,.
8,23,16.8835507497965,6,1,0,.,.,.,.
