ID,TIME,DV,OBSNUM,CMT,EVID,AMT,RATE,ADDL,II
32,0,.,0,1,1,1000,1000,1,12
32,2,31.0139257979528,1,1,0,.,.,.,.
32,6,22.1779540684181,2,1,0,.,.,.,.
32,11,9.67398959250457,3,1,0,.,.,.,.
32,14,58.4008994767858,4,1,0,.,.,.,.
32,18,36.4397319817599,5,1,0,.,.,.,.
32,23,23.3441453222267,6,1,0,.,.,.,.
