ID,TIME,DV,OBSNUM,CMT,EVID,AMT,RATE,ADDL,II
26,0,.,0,1,1,1000,1000,1,12
26,2,35.4521950679578,1,1,0,.,.,.,.
26,6,25.2623233235679,2,1,0,.,.,.,.
26,11,15.4418208818294,3,1,0,.,.,.,.
26,14,39.7857341850627,4,1,0,.,.,.,.
26,18,36.3700144194561,5,1,0,.,.,.,.
26,23,24.1633956668223,6,1,0,.,.,.,.
