ID,TIME,DV,OBSNUM,CMT,EVID,AMT,RATE,ADDL,II
6,0,.,0,1,1,1000,1000,1,12
6,2,33.4245199727601,1,1,0,.,.,.,.
6,6,18.3833244069129,2,1,0,.,.,.,.
6,11,7.98988151882344,3,1,0,.,.,.,.
6,14,28.3250601772914,4,1,0,.,.,.,.
6,18,19.9458711770922,5,1,0,.,.,.,.
6,23,10.7061014926878,6,1,0,.,.,.,.
