ID,TIME,DV,OBSNUM,CMT,EVID,AMT,RATE,ADDL,II
37,0,.,0,1,1,1000,1000,1,12
37,2,20.0807061901525,1,1,0,.,.,.,.
37,6,11.0510592083284,2,1,0,.,.,.,.
37,11,3.30095011043059,3,1,0,.,.,.,.
37,14,21.9903791612191,4,1,0,.,.,.,.
37,18,12.1493602075115,5,1,0,.,.,.,.
37,23,4.60463530127732,6,1,0,.,.,.,.
