ID,TIME,DV,OBSNUM,CMT,EVID,AMT,RATE,ADDL,II
35,0,.,0,1,1,1000,1000,1,12
35,2,35.8752610066679,1,1,0,.,.,.,.
35,6,15.8341127592331,2,1,0,.,.,.,.
35,11,8.85743301344396,3,1,0,.,.,.,.
35,14,34.6062104807674,4,1,0,.,.,.,.
35,18,28.3718094884814,5,1,0,.,.,.,.
35,23,13.9919691787481,6,1,0,.,.,.,.
