ID,TIME,DV,OBSNUM,CMT,EVID,AMT,RATE,ADDL,II
9,0,.,0,1,1,1000,1000,1,12
9,2,18.9302674192934,1,1,0,.,.,.,.
9,6,16.1010172260945,2,1,0,.,.,.,.
9,11,8.2302228230885,3,1,0,.,.,.,.
9,14,24.6626314016319,4,1,0,.,.,.,.
9,18,16.8259443675558,5,1,0,.,.,.,.
9,23,12.4009330491027,6,1,0,.,.,.,.
