ID,TIME,DV,OBSNUM,CMT,EVID,AMT,RATE,ADDL,II
53,0,.,0,1,1,1000,1000,1,12
53,2,20.4790641067538,1,1,0,.,.,.,.
53,6,18.1014616337529,2,1,0,.,.,.,.
53,11,11.989935721171,3,1,0,.,.,.,.
53,14,32.2720567255039,4,1,0,.,.,.,.
53,18,25.0606016686038,5,1,0,.,.,.,.
53,23,29.5979689712469,6,1,0,.,.,.,.
