ID,TIME,DV,OBSNUM,CMT,EVID,AMT,RATE,ADDL,II
46,0,.,0,1,1,1000,1000,1,12
46,2,16.4508779912429,1,1,0,.,.,.,.
46,6,20.0287273890113,2,1,0,.,.,.,.
46,11,10.0298062105809,3,1,0,.,.,.,.
46,14,37.4958562095016,4,1,0,.,.,.,.
46,18,20.4311373206681,5,1,0,.,.,.,.
46,23,6.77694314247668,6,1,0,.,.,.,.
