ID,TIME,DV,OBSNUM,CMT,EVID,AMT,RATE,ADDL,II
29,0,.,0,1,1,1000,1000,1,12
29,2,32.6192065743814,1,1,0,.,.,.,.
29,6,22.0985854537193,2,1,0,.,.,.,.
29,11,13.5500104818748,3,1,0,.,.,.,.
29,14,47.3160754763055,4,1,0,.,.,.,.
29,18,29.0475852067589,5,1,0,.,.,.,.
29,23,26.9313707537558,6,1,0,.,.,.,.
