ID,TIME,DV,OBSNUM,CMT,EVID,AMT,RATE,ADDL,II
17,0,.,0,1,1,1000,1000,1,12
17,2,24.8212351878615,1,1,0,.,.,.,.
17,6,14.833343970645,2,1,0,.,.,.,.
17,11,6.53699586321939,3,1,0,.,.,.,.
17,14,23.0477082709191,4,1,0,.,.,.,.
17,18,11.5545410587453,5,1,0,.,.,.,.
17,23,5.17621522735024,6,1,0,.,.,.,.
