ID,TIME,DV,OBSNUM,CMT,EVID,AMT,RATE,ADDL,II
7,0,.,0,1,1,1000,1000,1,12
7,2,24.7274342971398,1,1,0,.,.,.,.
7,6,18.3761458940753,2,1,0,.,.,.,.
7,11,9.11887319318635,3,1,0,.,.,.,.
7,14,42.6617254278907,4,1,0,.,.,.,.
7,18,27.1827237460603,5,1,0,.,.,.,.
7,23,16.7507947145852,6,1,0,.,.,.,.
